VIN_IDENTIFIER,AdditionalErrorText,AirBagLocFront,DisplacementCC,DisplacementCI,DisplacementL,Doors,EngineConfiguration,EngineCylinders,EngineHP,EngineHP_to,EngineManufacturer,EngineModel,Make,Manufacturer,Model,ModelYear,PlantCity,PlantCompanyName,PlantCountry,PlantState,Series,Trim,VIN
"JT8CH32Y9X1001998","","1st Row (Driver and Passenger)","3969","242.2","4.0","2","V-Shaped","8","290","300","Toyota","1UZ-FE","LEXUS","TOYOTA MOTOR CORPORATION","SC","1999","SUSONO","Higashi Fuji Plant, Kanto Auto Works, LTD.","JAPAN","SHIZUOKA","UZZ30L","300","JT8CH32Y9X1001998"
"JT8CH32Y6X1002140","","1st Row (Driver and Passenger)","3969","242.2","4.0","2","V-Shaped","8","290","300","Toyota","1UZ-FE","LEXUS","TOYOTA MOTOR CORPORATION","SC","1999","SUSONO","Higashi Fuji Plant, Kanto Auto Works, LTD.","JAPAN","SHIZUOKA","UZZ30L","300","JT8CH32Y6X1002140"
"JT8JZ31C3P0015914","","1st Row (Driver and Passenger)","2997","182.89","3","2","In-Line","6","225","227","Toyota","2JZ-GE","LEXUS","TOYOTA MOTOR CORPORATION","SC","1993","TOYOTA CITY","Toyota Motor Corporation - Motomachi Plant","JAPAN","AICHI","","300","JT8JZ31C3P0015914"
"JY8UZ30C8R0036582","The Model Year decoded for this VIN may be incorrect. If you know the Model year, please enter it and decode again to get more accurate information.","","","","","","","","","","","","","","","","","","","","","","JY8UZ30C8R0036582"
"JT8CD32Z7V1000253","","1st Row (Driver and Passenger)","2997","182.89","3.0","2","In-Line","6","225","227","Toyota","2JZ-GE","LEXUS","TOYOTA MOTOR CORPORATION","SC","1997","SUSONO","Higashi Fuji Plant, Kanto Auto Works, LTD.","JAPAN","SHIZUOKA","JZZ31L","300","JT8CD32Z7V1000253"
"JT8JZ31C8S0032054","","1st Row (Driver and Passenger)","2997","182.89","3.0","2","In-Line","6","225","227","Toyota","2JZ-GE","LEXUS","TOYOTA MOTOR CORPORATION","SC","1995","TOYOTA CITY","Toyota Motor Corporation - Motomachi Plant","JAPAN","AICHI","JZZ31L","300","JT8JZ31C8S0032054"
"JT8JZ31C7P0015317","","1st Row (Driver and Passenger)","2997","182.89","3","2","In-Line","6","225","227","Toyota","2JZ-GE","LEXUS","TOYOTA MOTOR CORPORATION","SC","1993","TOYOTA CITY","Toyota Motor Corporation - Motomachi Plant","JAPAN","AICHI","","300","JT8JZ31C7P0015317"
"JT8JZ31C4N0001484","","Driver Seat Only","2997","182.89","3","2","In-Line","6","217","227","Toyota","2JZ-GE","LEXUS","TOYOTA MOTOR CORPORATION","SC","1992","TOYOTA CITY","Toyota Motor Corporation - Motomachi Plant","JAPAN","AICHI","","300","JT8JZ31C4N0001484"
"JT8CH32Y6X1002669","","1st Row (Driver and Passenger)","3969","242.2","4.0","2","V-Shaped","8","290","300","Toyota","1UZ-FE","LEXUS","TOYOTA MOTOR CORPORATION","SC","1999","SUSONO","Higashi Fuji Plant, Kanto Auto Works, LTD.","JAPAN","SHIZUOKA","UZZ30L","300","JT8CH32Y6X1002669"
"JT8CD32Z9V0037522","","1st Row (Driver and Passenger)","2997","182.89","3.0","2","In-Line","6","225","227","Toyota","2JZ-GE","LEXUS","TOYOTA MOTOR CORPORATION","SC","1997","TOYOTA CITY","Toyota Motor Corporation - Motomachi Plant","JAPAN","AICHI","JZZ31L","300","JT8CD32Z9V0037522"
"JT8CD32ZXV0037531","","1st Row (Driver and Passenger)","2997","182.89","3.0","2","In-Line","6","225","227","Toyota","2JZ-GE","LEXUS","TOYOTA MOTOR CORPORATION","SC","1997","TOYOTA CITY","Toyota Motor Corporation - Motomachi Plant","JAPAN","AICHI","JZZ31L","300","JT8CD32ZXV0037531"
"JT8CD32Z2V0037541","","1st Row (Driver and Passenger)","2997","182.89","3.0","2","In-Line","6","225","227","Toyota","2JZ-GE","LEXUS","TOYOTA MOTOR CORPORATION","SC","1997","TOYOTA CITY","Toyota Motor Corporation - Motomachi Plant","JAPAN","AICHI","JZZ31L","300","JT8CD32Z2V0037541"
"JT8CD32Z3V0037547","","1st Row (Driver and Passenger)","2997","182.89","3.0","2","In-Line","6","225","227","Toyota","2JZ-GE","LEXUS","TOYOTA MOTOR CORPORATION","SC","1997","TOYOTA CITY","Toyota Motor Corporation - Motomachi Plant","JAPAN","AICHI","JZZ31L","300","JT8CD32Z3V0037547"
"JT8CD32Z4V0037556","","1st Row (Driver and Passenger)","2997","182.89","3.0","2","In-Line","6","225","227","Toyota","2JZ-GE","LEXUS","TOYOTA MOTOR CORPORATION","SC","1997","TOYOTA CITY","Toyota Motor Corporation - Motomachi Plant","JAPAN","AICHI","JZZ31L","300","JT8CD32Z4V0037556"
"JT8CD32Z5V0037565","","1st Row (Driver and Passenger)","2997","182.89","3.0","2","In-Line","6","225","227","Toyota","2JZ-GE","LEXUS","TOYOTA MOTOR CORPORATION","SC","1997","TOYOTA CITY","Toyota Motor Corporation - Motomachi Plant","JAPAN","AICHI","JZZ31L","300","JT8CD32Z5V0037565"
"JT8CD32Z5V0037579","","1st Row (Driver and Passenger)","2997","182.89","3.0","2","In-Line","6","225","227","Toyota","2JZ-GE","LEXUS","TOYOTA MOTOR CORPORATION","SC","1997","TOYOTA CITY","Toyota Motor Corporation - Motomachi Plant","JAPAN","AICHI","JZZ31L","300","JT8CD32Z5V0037579"
"JT8CD32Z5V0037596","","1st Row (Driver and Passenger)","2997","182.89","3.0","2","In-Line","6","225","227","Toyota","2JZ-GE","LEXUS","TOYOTA MOTOR CORPORATION","SC","1997","TOYOTA CITY","Toyota Motor Corporation - Motomachi Plant","JAPAN","AICHI","JZZ31L","300","JT8CD32Z5V0037596"
"JT8CD32Z7V0037616","","1st Row (Driver and Passenger)","2997","182.89","3.0","2","In-Line","6","225","227","Toyota","2JZ-GE","LEXUS","TOYOTA MOTOR CORPORATION","SC","1997","TOYOTA CITY","Toyota Motor Corporation - Motomachi Plant","JAPAN","AICHI","JZZ31L","300","JT8CD32Z7V0037616"
"JT8CD32Z8V0037639","","1st Row (Driver and Passenger)","2997","182.89","3.0","2","In-Line","6","225","227","Toyota","2JZ-GE","LEXUS","TOYOTA MOTOR CORPORATION","SC","1997","TOYOTA CITY","Toyota Motor Corporation - Motomachi Plant","JAPAN","AICHI","JZZ31L","300","JT8CD32Z8V0037639"
"JT8CD32Z9V0037651","","1st Row (Driver and Passenger)","2997","182.89","3.0","2","In-Line","6","225","227","Toyota","2JZ-GE","LEXUS","TOYOTA MOTOR CORPORATION","SC","1997","TOYOTA CITY","Toyota Motor Corporation - Motomachi Plant","JAPAN","AICHI","JZZ31L","300","JT8CD32Z9V0037651"
"JT8CD32Z2V0037667","","1st Row (Driver and Passenger)","2997","182.89","3.0","2","In-Line","6","225","227","Toyota","2JZ-GE","LEXUS","TOYOTA MOTOR CORPORATION","SC","1997","TOYOTA CITY","Toyota Motor Corporation - Motomachi Plant","JAPAN","AICHI","JZZ31L","300","JT8CD32Z2V0037667"
"JT8CD32Z6V0037686","","1st Row (Driver and Passenger)","2997","182.89","3.0","2","In-Line","6","225","227","Toyota","2JZ-GE","LEXUS","TOYOTA MOTOR CORPORATION","SC","1997","TOYOTA CITY","Toyota Motor Corporation - Motomachi Plant","JAPAN","AICHI","JZZ31L","300","JT8CD32Z6V0037686"
"JT8CD32Z9V0037701","","1st Row (Driver and Passenger)","2997","182.89","3.0","2","In-Line","6","225","227","Toyota","2JZ-GE","LEXUS","TOYOTA MOTOR CORPORATION","SC","1997","TOYOTA CITY","Toyota Motor Corporation - Motomachi Plant","JAPAN","AICHI","JZZ31L","300","JT8CD32Z9V0037701"
"JT8CD32Z2V0037717","","1st Row (Driver and Passenger)","2997","182.89","3.0","2","In-Line","6","225","227","Toyota","2JZ-GE","LEXUS","TOYOTA MOTOR CORPORATION","SC","1997","TOYOTA CITY","Toyota Motor Corporation - Motomachi Plant","JAPAN","AICHI","JZZ31L","300","JT8CD32Z2V0037717"
"JT8CD32Z5V0037730","","1st Row (Driver and Passenger)","2997","182.89","3.0","2","In-Line","6","225","227","Toyota","2JZ-GE","LEXUS","TOYOTA MOTOR CORPORATION","SC","1997","TOYOTA CITY","Toyota Motor Corporation - Motomachi Plant","JAPAN","AICHI","JZZ31L","300","JT8CD32Z5V0037730"
"JT8CD32Z6V0037798","","1st Row (Driver and Passenger)","2997","182.89","3.0","2","In-Line","6","225","227","Toyota","2JZ-GE","LEXUS","TOYOTA MOTOR CORPORATION","SC","1997","TOYOTA CITY","Toyota Motor Corporation - Motomachi Plant","JAPAN","AICHI","JZZ31L","300","JT8CD32Z6V0037798"
"JT8CD32Z1V0037806","","1st Row (Driver and Passenger)","2997","182.89","3.0","2","In-Line","6","225","227","Toyota","2JZ-GE","LEXUS","TOYOTA MOTOR CORPORATION","SC","1997","TOYOTA CITY","Toyota Motor Corporation - Motomachi Plant","JAPAN","AICHI","JZZ31L","300","JT8CD32Z1V0037806"
"JT8CD32Z1V0037823","","1st Row (Driver and Passenger)","2997","182.89","3.0","2","In-Line","6","225","227","Toyota","2JZ-GE","LEXUS","TOYOTA MOTOR CORPORATION","SC","1997","TOYOTA CITY","Toyota Motor Corporation - Motomachi Plant","JAPAN","AICHI","JZZ31L","300","JT8CD32Z1V0037823"
"JT8CD32Z5V0037839","","1st Row (Driver and Passenger)","2997","182.89","3.0","2","In-Line","6","225","227","Toyota","2JZ-GE","LEXUS","TOYOTA MOTOR CORPORATION","SC","1997","TOYOTA CITY","Toyota Motor Corporation - Motomachi Plant","JAPAN","AICHI","JZZ31L","300","JT8CD32Z5V0037839"
"JT8CD32Z1V0037854","","1st Row (Driver and Passenger)","2997","182.89","3.0","2","In-Line","6","225","227","Toyota","2JZ-GE","LEXUS","TOYOTA MOTOR CORPORATION","SC","1997","TOYOTA CITY","Toyota Motor Corporation - Motomachi Plant","JAPAN","AICHI","JZZ31L","300","JT8CD32Z1V0037854"
"JT8CD32Z3V0037869","","1st Row (Driver and Passenger)","2997","182.89","3.0","2","In-Line","6","225","227","Toyota","2JZ-GE","LEXUS","TOYOTA MOTOR CORPORATION","SC","1997","TOYOTA CITY","Toyota Motor Corporation - Motomachi Plant","JAPAN","AICHI","JZZ31L","300","JT8CD32Z3V0037869"
"JT8CD32Z6V0037879","","1st Row (Driver and Passenger)","2997","182.89","3.0","2","In-Line","6","225","227","Toyota","2JZ-GE","LEXUS","TOYOTA MOTOR CORPORATION","SC","1997","TOYOTA CITY","Toyota Motor Corporation - Motomachi Plant","JAPAN","AICHI","JZZ31L","300","JT8CD32Z6V0037879"
"JT8CD32Z0V0038106","","1st Row (Driver and Passenger)","2997","182.89","3.0","2","In-Line","6","225","227","Toyota","2JZ-GE","LEXUS","TOYOTA MOTOR CORPORATION","SC","1997","TOYOTA CITY","Toyota Motor Corporation - Motomachi Plant","JAPAN","AICHI","JZZ31L","300","JT8CD32Z0V0038106"
"JT8CD32Z4V0038125","","1st Row (Driver and Passenger)","2997","182.89","3.0","2","In-Line","6","225","227","Toyota","2JZ-GE","LEXUS","TOYOTA MOTOR CORPORATION","SC","1997","TOYOTA CITY","Toyota Motor Corporation - Motomachi Plant","JAPAN","AICHI","JZZ31L","300","JT8CD32Z4V0038125"
"JT8CD32Z2V0038141","","1st Row (Driver and Passenger)","2997","182.89","3.0","2","In-Line","6","225","227","Toyota","2JZ-GE","LEXUS","TOYOTA MOTOR CORPORATION","SC","1997","TOYOTA CITY","Toyota Motor Corporation - Motomachi Plant","JAPAN","AICHI","JZZ31L","300","JT8CD32Z2V0038141"
"JT8CD32Z6V0038157","","1st Row (Driver and Passenger)","2997","182.89","3.0","2","In-Line","6","225","227","Toyota","2JZ-GE","LEXUS","TOYOTA MOTOR CORPORATION","SC","1997","TOYOTA CITY","Toyota Motor Corporation - Motomachi Plant","JAPAN","AICHI","JZZ31L","300","JT8CD32Z6V0038157"
"JT8CD32Z9V0038170","","1st Row (Driver and Passenger)","2997","182.89","3.0","2","In-Line","6","225","227","Toyota","2JZ-GE","LEXUS","TOYOTA MOTOR CORPORATION","SC","1997","TOYOTA CITY","Toyota Motor Corporation - Motomachi Plant","JAPAN","AICHI","JZZ31L","300","JT8CD32Z9V0038170"
"JT8CD32Z5V0038182","","1st Row (Driver and Passenger)","2997","182.89","3.0","2","In-Line","6","225","227","Toyota","2JZ-GE","LEXUS","TOYOTA MOTOR CORPORATION","SC","1997","TOYOTA CITY","Toyota Motor Corporation - Motomachi Plant","JAPAN","AICHI","JZZ31L","300","JT8CD32Z5V0038182"
"JT8CD32Z7V0038202","","1st Row (Driver and Passenger)","2997","182.89","3.0","2","In-Line","6","225","227","Toyota","2JZ-GE","LEXUS","TOYOTA MOTOR CORPORATION","SC","1997","TOYOTA CITY","Toyota Motor Corporation - Motomachi Plant","JAPAN","AICHI","JZZ31L","300","JT8CD32Z7V0038202"
"JT8CD32ZXV0038226","","1st Row (Driver and Passenger)","2997","182.89","3.0","2","In-Line","6","225","227","Toyota","2JZ-GE","LEXUS","TOYOTA MOTOR CORPORATION","SC","1997","TOYOTA CITY","Toyota Motor Corporation - Motomachi Plant","JAPAN","AICHI","JZZ31L","300","JT8CD32ZXV0038226"
"JT8CD32Z5V0038781","","1st Row (Driver and Passenger)","2997","182.89","3.0","2","In-Line","6","225","227","Toyota","2JZ-GE","LEXUS","TOYOTA MOTOR CORPORATION","SC","1997","TOYOTA CITY","Toyota Motor Corporation - Motomachi Plant","JAPAN","AICHI","JZZ31L","300","JT8CD32Z5V0038781"
"JT8CD32Z5V0038795","","1st Row (Driver and Passenger)","2997","182.89","3.0","2","In-Line","6","225","227","Toyota","2JZ-GE","LEXUS","TOYOTA MOTOR CORPORATION","SC","1997","TOYOTA CITY","Toyota Motor Corporation - Motomachi Plant","JAPAN","AICHI","JZZ31L","300","JT8CD32Z5V0038795"
"JT8CD32Z6V0038806","","1st Row (Driver and Passenger)","2997","182.89","3.0","2","In-Line","6","225","227","Toyota","2JZ-GE","LEXUS","TOYOTA MOTOR CORPORATION","SC","1997","TOYOTA CITY","Toyota Motor Corporation - Motomachi Plant","JAPAN","AICHI","JZZ31L","300","JT8CD32Z6V0038806"
"JT8CD32Z5V0038814","","1st Row (Driver and Passenger)","2997","182.89","3.0","2","In-Line","6","225","227","Toyota","2JZ-GE","LEXUS","TOYOTA MOTOR CORPORATION","SC","1997","TOYOTA CITY","Toyota Motor Corporation - Motomachi Plant","JAPAN","AICHI","JZZ31L","300","JT8CD32Z5V0038814"
"JT8CD32Z5V0038828","","1st Row (Driver and Passenger)","2997","182.89","3.0","2","In-Line","6","225","227","Toyota","2JZ-GE","LEXUS","TOYOTA MOTOR CORPORATION","SC","1997","TOYOTA CITY","Toyota Motor Corporation - Motomachi Plant","JAPAN","AICHI","JZZ31L","300","JT8CD32Z5V0038828"
"JT8CD32Z1V0038843","","1st Row (Driver and Passenger)","2997","182.89","3.0","2","In-Line","6","225","227","Toyota","2JZ-GE","LEXUS","TOYOTA MOTOR CORPORATION","SC","1997","TOYOTA CITY","Toyota Motor Corporation - Motomachi Plant","JAPAN","AICHI","JZZ31L","300","JT8CD32Z1V0038843"
"JT8CD32Z4V0039176","","1st Row (Driver and Passenger)","2997","182.89","3.0","2","In-Line","6","225","227","Toyota","2JZ-GE","LEXUS","TOYOTA MOTOR CORPORATION","SC","1997","TOYOTA CITY","Toyota Motor Corporation - Motomachi Plant","JAPAN","AICHI","JZZ31L","300","JT8CD32Z4V0039176"
"JT8CD32Z7V0039494","","1st Row (Driver and Passenger)","2997","182.89","3.0","2","In-Line","6","225","227","Toyota","2JZ-GE","LEXUS","TOYOTA MOTOR CORPORATION","SC","1997","TOYOTA CITY","Toyota Motor Corporation - Motomachi Plant","JAPAN","AICHI","JZZ31L","300","JT8CD32Z7V0039494"
"JT8CD32ZXV0039506","","1st Row (Driver and Passenger)","2997","182.89","3.0","2","In-Line","6","225","227","Toyota","2JZ-GE","LEXUS","TOYOTA MOTOR CORPORATION","SC","1997","TOYOTA CITY","Toyota Motor Corporation - Motomachi Plant","JAPAN","AICHI","JZZ31L","300","JT8CD32ZXV0039506"
"JT8CD32Z8V0039519","","1st Row (Driver and Passenger)","2997","182.89","3.0","2","In-Line","6","225","227","Toyota","2JZ-GE","LEXUS","TOYOTA MOTOR CORPORATION","SC","1997","TOYOTA CITY","Toyota Motor Corporation - Motomachi Plant","JAPAN","AICHI","JZZ31L","300","JT8CD32Z8V0039519"
"JT8CD32Z9V0039531","","1st Row (Driver and Passenger)","2997","182.89","3.0","2","In-Line","6","225","227","Toyota","2JZ-GE","LEXUS","TOYOTA MOTOR CORPORATION","SC","1997","TOYOTA CITY","Toyota Motor Corporation - Motomachi Plant","JAPAN","AICHI","JZZ31L","300","JT8CD32Z9V0039531"
"JT8CD32Z3V0039542","","1st Row (Driver and Passenger)","2997","182.89","3.0","2","In-Line","6","225","227","Toyota","2JZ-GE","LEXUS","TOYOTA MOTOR CORPORATION","SC","1997","TOYOTA CITY","Toyota Motor Corporation - Motomachi Plant","JAPAN","AICHI","JZZ31L","300","JT8CD32Z3V0039542"
"JT8CD32ZXV0039554","","1st Row (Driver and Passenger)","2997","182.89","3.0","2","In-Line","6","225","227","Toyota","2JZ-GE","LEXUS","TOYOTA MOTOR CORPORATION","SC","1997","TOYOTA CITY","Toyota Motor Corporation - Motomachi Plant","JAPAN","AICHI","JZZ31L","300","JT8CD32ZXV0039554"
"JT8CD32ZXV0039571","","1st Row (Driver and Passenger)","2997","182.89","3.0","2","In-Line","6","225","227","Toyota","2JZ-GE","LEXUS","TOYOTA MOTOR CORPORATION","SC","1997","TOYOTA CITY","Toyota Motor Corporation - Motomachi Plant","JAPAN","AICHI","JZZ31L","300","JT8CD32ZXV0039571"
"JT8CD32Z0V0039580","","1st Row (Driver and Passenger)","2997","182.89","3.0","2","In-Line","6","225","227","Toyota","2JZ-GE","LEXUS","TOYOTA MOTOR CORPORATION","SC","1997","TOYOTA CITY","Toyota Motor Corporation - Motomachi Plant","JAPAN","AICHI","JZZ31L","300","JT8CD32Z0V0039580"
"JT8CD32Z8V0039598","","1st Row (Driver and Passenger)","2997","182.89","3.0","2","In-Line","6","225","227","Toyota","2JZ-GE","LEXUS","TOYOTA MOTOR CORPORATION","SC","1997","TOYOTA CITY","Toyota Motor Corporation - Motomachi Plant","JAPAN","AICHI","JZZ31L","300","JT8CD32Z8V0039598"
"JT8CD32Z2V0039631","","1st Row (Driver and Passenger)","2997","182.89","3.0","2","In-Line","6","225","227","Toyota","2JZ-GE","LEXUS","TOYOTA MOTOR CORPORATION","SC","1997","TOYOTA CITY","Toyota Motor Corporation - Motomachi Plant","JAPAN","AICHI","JZZ31L","300","JT8CD32Z2V0039631"
"JT8CD32Z6V0039647","","1st Row (Driver and Passenger)","2997","182.89","3.0","2","In-Line","6","225","227","Toyota","2JZ-GE","LEXUS","TOYOTA MOTOR CORPORATION","SC","1997","TOYOTA CITY","Toyota Motor Corporation - Motomachi Plant","JAPAN","AICHI","JZZ31L","300","JT8CD32Z6V0039647"
"JT8CD32Z9V0039674","","1st Row (Driver and Passenger)","2997","182.89","3.0","2","In-Line","6","225","227","Toyota","2JZ-GE","LEXUS","TOYOTA MOTOR CORPORATION","SC","1997","TOYOTA CITY","Toyota Motor Corporation - Motomachi Plant","JAPAN","AICHI","JZZ31L","300","JT8CD32Z9V0039674"
"JT8CD32Z7V0039690","","1st Row (Driver and Passenger)","2997","182.89","3.0","2","In-Line","6","225","227","Toyota","2JZ-GE","LEXUS","TOYOTA MOTOR CORPORATION","SC","1997","TOYOTA CITY","Toyota Motor Corporation - Motomachi Plant","JAPAN","AICHI","JZZ31L","300","JT8CD32Z7V0039690"
"JT8CD32Z1V0039717","","1st Row (Driver and Passenger)","2997","182.89","3.0","2","In-Line","6","225","227","Toyota","2JZ-GE","LEXUS","TOYOTA MOTOR CORPORATION","SC","1997","TOYOTA CITY","Toyota Motor Corporation - Motomachi Plant","JAPAN","AICHI","JZZ31L","300","JT8CD32Z1V0039717"
"JT8CD32ZXV0039733","","1st Row (Driver and Passenger)","2997","182.89","3.0","2","In-Line","6","225","227","Toyota","2JZ-GE","LEXUS","TOYOTA MOTOR CORPORATION","SC","1997","TOYOTA CITY","Toyota Motor Corporation - Motomachi Plant","JAPAN","AICHI","JZZ31L","300","JT8CD32ZXV0039733"
"JT8CD32Z5V0039753","","1st Row (Driver and Passenger)","2997","182.89","3.0","2","In-Line","6","225","227","Toyota","2JZ-GE","LEXUS","TOYOTA MOTOR CORPORATION","SC","1997","TOYOTA CITY","Toyota Motor Corporation - Motomachi Plant","JAPAN","AICHI","JZZ31L","300","JT8CD32Z5V0039753"
"JT8CD32Z5V0039770","","1st Row (Driver and Passenger)","2997","182.89","3.0","2","In-Line","6","225","227","Toyota","2JZ-GE","LEXUS","TOYOTA MOTOR CORPORATION","SC","1997","TOYOTA CITY","Toyota Motor Corporation - Motomachi Plant","JAPAN","AICHI","JZZ31L","300","JT8CD32Z5V0039770"
"JT8CD32Z8V0039794","","1st Row (Driver and Passenger)","2997","182.89","3.0","2","In-Line","6","225","227","Toyota","2JZ-GE","LEXUS","TOYOTA MOTOR CORPORATION","SC","1997","TOYOTA CITY","Toyota Motor Corporation - Motomachi Plant","JAPAN","AICHI","JZZ31L","300","JT8CD32Z8V0039794"
"JT8CD32Z9V0039822","","1st Row (Driver and Passenger)","2997","182.89","3.0","2","In-Line","6","225","227","Toyota","2JZ-GE","LEXUS","TOYOTA MOTOR CORPORATION","SC","1997","TOYOTA CITY","Toyota Motor Corporation - Motomachi Plant","JAPAN","AICHI","JZZ31L","300","JT8CD32Z9V0039822"
"JT8CD32Z9V0039996","","1st Row (Driver and Passenger)","2997","182.89","3.0","2","In-Line","6","225","227","Toyota","2JZ-GE","LEXUS","TOYOTA MOTOR CORPORATION","SC","1997","TOYOTA CITY","Toyota Motor Corporation - Motomachi Plant","JAPAN","AICHI","JZZ31L","300","JT8CD32Z9V0039996"
"JT8CD32Z8V0040007","","1st Row (Driver and Passenger)","2997","182.89","3.0","2","In-Line","6","225","227","Toyota","2JZ-GE","LEXUS","TOYOTA MOTOR CORPORATION","SC","1997","TOYOTA CITY","Toyota Motor Corporation - Motomachi Plant","JAPAN","AICHI","JZZ31L","300","JT8CD32Z8V0040007"
"JT8CD32Z4V0040019","","1st Row (Driver and Passenger)","2997","182.89","3.0","2","In-Line","6","225","227","Toyota","2JZ-GE","LEXUS","TOYOTA MOTOR CORPORATION","SC","1997","TOYOTA CITY","Toyota Motor Corporation - Motomachi Plant","JAPAN","AICHI","JZZ31L","300","JT8CD32Z4V0040019"
"JT8CD32ZXV0040025","","1st Row (Driver and Passenger)","2997","182.89","3.0","2","In-Line","6","225","227","Toyota","2JZ-GE","LEXUS","TOYOTA MOTOR CORPORATION","SC","1997","TOYOTA CITY","Toyota Motor Corporation - Motomachi Plant","JAPAN","AICHI","JZZ31L","300","JT8CD32ZXV0040025"
"JT8CD32Z2V0040035","","1st Row (Driver and Passenger)","2997","182.89","3.0","2","In-Line","6","225","227","Toyota","2JZ-GE","LEXUS","TOYOTA MOTOR CORPORATION","SC","1997","TOYOTA CITY","Toyota Motor Corporation - Motomachi Plant","JAPAN","AICHI","JZZ31L","300","JT8CD32Z2V0040035"
"JT8CD32Z1V0040043","","1st Row (Driver and Passenger)","2997","182.89","3.0","2","In-Line","6","225","227","Toyota","2JZ-GE","LEXUS","TOYOTA MOTOR CORPORATION","SC","1997","TOYOTA CITY","Toyota Motor Corporation - Motomachi Plant","JAPAN","AICHI","JZZ31L","300","JT8CD32Z1V0040043"
"JT8CD32ZXV0040056","","1st Row (Driver and Passenger)","2997","182.89","3.0","2","In-Line","6","225","227","Toyota","2JZ-GE","LEXUS","TOYOTA MOTOR CORPORATION","SC","1997","TOYOTA CITY","Toyota Motor Corporation - Motomachi Plant","JAPAN","AICHI","JZZ31L","300","JT8CD32ZXV0040056"
"JT8CD32Z6V0040071","","1st Row (Driver and Passenger)","2997","182.89","3.0","2","In-Line","6","225","227","Toyota","2JZ-GE","LEXUS","TOYOTA MOTOR CORPORATION","SC","1997","TOYOTA CITY","Toyota Motor Corporation - Motomachi Plant","JAPAN","AICHI","JZZ31L","300","JT8CD32Z6V0040071"
"JT8CD32Z4V0040084","","1st Row (Driver and Passenger)","2997","182.89","3.0","2","In-Line","6","225","227","Toyota","2JZ-GE","LEXUS","TOYOTA MOTOR CORPORATION","SC","1997","TOYOTA CITY","Toyota Motor Corporation - Motomachi Plant","JAPAN","AICHI","JZZ31L","300","JT8CD32Z4V0040084"
"JT8CD32Z7V0040094","","1st Row (Driver and Passenger)","2997","182.89","3.0","2","In-Line","6","225","227","Toyota","2JZ-GE","LEXUS","TOYOTA MOTOR CORPORATION","SC","1997","TOYOTA CITY","Toyota Motor Corporation - Motomachi Plant","JAPAN","AICHI","JZZ31L","300","JT8CD32Z7V0040094"
"JT8CD32Z6V0040104","","1st Row (Driver and Passenger)","2997","182.89","3.0","2","In-Line","6","225","227","Toyota","2JZ-GE","LEXUS","TOYOTA MOTOR CORPORATION","SC","1997","TOYOTA CITY","Toyota Motor Corporation - Motomachi Plant","JAPAN","AICHI","JZZ31L","300","JT8CD32Z6V0040104"
"JT8CD32Z2V0040116","","1st Row (Driver and Passenger)","2997","182.89","3.0","2","In-Line","6","225","227","Toyota","2JZ-GE","LEXUS","TOYOTA MOTOR CORPORATION","SC","1997","TOYOTA CITY","Toyota Motor Corporation - Motomachi Plant","JAPAN","AICHI","JZZ31L","300","JT8CD32Z2V0040116"
"JT8CD32Z0V0040129","","1st Row (Driver and Passenger)","2997","182.89","3.0","2","In-Line","6","225","227","Toyota","2JZ-GE","LEXUS","TOYOTA MOTOR CORPORATION","SC","1997","TOYOTA CITY","Toyota Motor Corporation - Motomachi Plant","JAPAN","AICHI","JZZ31L","300","JT8CD32Z0V0040129"
"JT8CD32ZXV0040140","","1st Row (Driver and Passenger)","2997","182.89","3.0","2","In-Line","6","225","227","Toyota","2JZ-GE","LEXUS","TOYOTA MOTOR CORPORATION","SC","1997","TOYOTA CITY","Toyota Motor Corporation - Motomachi Plant","JAPAN","AICHI","JZZ31L","300","JT8CD32ZXV0040140"
"JT8CD32Z6V0040152","","1st Row (Driver and Passenger)","2997","182.89","3.0","2","In-Line","6","225","227","Toyota","2JZ-GE","LEXUS","TOYOTA MOTOR CORPORATION","SC","1997","TOYOTA CITY","Toyota Motor Corporation - Motomachi Plant","JAPAN","AICHI","JZZ31L","300","JT8CD32Z6V0040152"
"JT8CD32Z2V0040164","","1st Row (Driver and Passenger)","2997","182.89","3.0","2","In-Line","6","225","227","Toyota","2JZ-GE","LEXUS","TOYOTA MOTOR CORPORATION","SC","1997","TOYOTA CITY","Toyota Motor Corporation - Motomachi Plant","JAPAN","AICHI","JZZ31L","300","JT8CD32Z2V0040164"
"JT8CD32Z0V0040177","","1st Row (Driver and Passenger)","2997","182.89","3.0","2","In-Line","6","225","227","Toyota","2JZ-GE","LEXUS","TOYOTA MOTOR CORPORATION","SC","1997","TOYOTA CITY","Toyota Motor Corporation - Motomachi Plant","JAPAN","AICHI","JZZ31L","300","JT8CD32Z0V0040177"
"JT8CD32Z0V0040194","","1st Row (Driver and Passenger)","2997","182.89","3.0","2","In-Line","6","225","227","Toyota","2JZ-GE","LEXUS","TOYOTA MOTOR CORPORATION","SC","1997","TOYOTA CITY","Toyota Motor Corporation - Motomachi Plant","JAPAN","AICHI","JZZ31L","300","JT8CD32Z0V0040194"
"JT8CD32Z9V0040209","","1st Row (Driver and Passenger)","2997","182.89","3.0","2","In-Line","6","225","227","Toyota","2JZ-GE","LEXUS","TOYOTA MOTOR CORPORATION","SC","1997","TOYOTA CITY","Toyota Motor Corporation - Motomachi Plant","JAPAN","AICHI","JZZ31L","300","JT8CD32Z9V0040209"
"JT8CD32Z1V0040222","","1st Row (Driver and Passenger)","2997","182.89","3.0","2","In-Line","6","225","227","Toyota","2JZ-GE","LEXUS","TOYOTA MOTOR CORPORATION","SC","1997","TOYOTA CITY","Toyota Motor Corporation - Motomachi Plant","JAPAN","AICHI","JZZ31L","300","JT8CD32Z1V0040222"
"JT8CD32Z4V0040229","","1st Row (Driver and Passenger)","2997","182.89","3.0","2","In-Line","6","225","227","Toyota","2JZ-GE","LEXUS","TOYOTA MOTOR CORPORATION","SC","1997","TOYOTA CITY","Toyota Motor Corporation - Motomachi Plant","JAPAN","AICHI","JZZ31L","300","JT8CD32Z4V0040229"
"JT8CD32Z3V0040240","","1st Row (Driver and Passenger)","2997","182.89","3.0","2","In-Line","6","225","227","Toyota","2JZ-GE","LEXUS","TOYOTA MOTOR CORPORATION","SC","1997","TOYOTA CITY","Toyota Motor Corporation - Motomachi Plant","JAPAN","AICHI","JZZ31L","300","JT8CD32Z3V0040240"
"JT8CD32Z8V0040251","","1st Row (Driver and Passenger)","2997","182.89","3.0","2","In-Line","6","225","227","Toyota","2JZ-GE","LEXUS","TOYOTA MOTOR CORPORATION","SC","1997","TOYOTA CITY","Toyota Motor Corporation - Motomachi Plant","JAPAN","AICHI","JZZ31L","300","JT8CD32Z8V0040251"
"JT8CD32Z9V0040260","","1st Row (Driver and Passenger)","2997","182.89","3.0","2","In-Line","6","225","227","Toyota","2JZ-GE","LEXUS","TOYOTA MOTOR CORPORATION","SC","1997","TOYOTA CITY","Toyota Motor Corporation - Motomachi Plant","JAPAN","AICHI","JZZ31L","300","JT8CD32Z9V0040260"
"JT8CD32Z7V0040273","","1st Row (Driver and Passenger)","2997","182.89","3.0","2","In-Line","6","225","227","Toyota","2JZ-GE","LEXUS","TOYOTA MOTOR CORPORATION","SC","1997","TOYOTA CITY","Toyota Motor Corporation - Motomachi Plant","JAPAN","AICHI","JZZ31L","300","JT8CD32Z7V0040273"
"JT8CD32Z1V0040284","","1st Row (Driver and Passenger)","2997","182.89","3.0","2","In-Line","6","225","227","Toyota","2JZ-GE","LEXUS","TOYOTA MOTOR CORPORATION","SC","1997","TOYOTA CITY","Toyota Motor Corporation - Motomachi Plant","JAPAN","AICHI","JZZ31L","300","JT8CD32Z1V0040284"
"JT8CD32Z9V0040307","","1st Row (Driver and Passenger)","2997","182.89","3.0","2","In-Line","6","225","227","Toyota","2JZ-GE","LEXUS","TOYOTA MOTOR CORPORATION","SC","1997","TOYOTA CITY","Toyota Motor Corporation - Motomachi Plant","JAPAN","AICHI","JZZ31L","300","JT8CD32Z9V0040307"
"JT8CD32Z3V0040321","","1st Row (Driver and Passenger)","2997","182.89","3.0","2","In-Line","6","225","227","Toyota","2JZ-GE","LEXUS","TOYOTA MOTOR CORPORATION","SC","1997","TOYOTA CITY","Toyota Motor Corporation - Motomachi Plant","JAPAN","AICHI","JZZ31L","300","JT8CD32Z3V0040321"
"JT8CD32Z0V0040339","","1st Row (Driver and Passenger)","2997","182.89","3.0","2","In-Line","6","225","227","Toyota","2JZ-GE","LEXUS","TOYOTA MOTOR CORPORATION","SC","1997","TOYOTA CITY","Toyota Motor Corporation - Motomachi Plant","JAPAN","AICHI","JZZ31L","300","JT8CD32Z0V0040339"
"JT8CD32ZXV0040350","","1st Row (Driver and Passenger)","2997","182.89","3.0","2","In-Line","6","225","227","Toyota","2JZ-GE","LEXUS","TOYOTA MOTOR CORPORATION","SC","1997","TOYOTA CITY","Toyota Motor Corporation - Motomachi Plant","JAPAN","AICHI","JZZ31L","300","JT8CD32ZXV0040350"
"JT8CD32Z9V0040369","","1st Row (Driver and Passenger)","2997","182.89","3.0","2","In-Line","6","225","227","Toyota","2JZ-GE","LEXUS","TOYOTA MOTOR CORPORATION","SC","1997","TOYOTA CITY","Toyota Motor Corporation - Motomachi Plant","JAPAN","AICHI","JZZ31L","300","JT8CD32Z9V0040369"
"JT8CD32Z2V0040388","","1st Row (Driver and Passenger)","2997","182.89","3.0","2","In-Line","6","225","227","Toyota","2JZ-GE","LEXUS","TOYOTA MOTOR CORPORATION","SC","1997","TOYOTA CITY","Toyota Motor Corporation - Motomachi Plant","JAPAN","AICHI","JZZ31L","300","JT8CD32Z2V0040388"
"JT8CD32Z1V0040396","","1st Row (Driver and Passenger)","2997","182.89","3.0","2","In-Line","6","225","227","Toyota","2JZ-GE","LEXUS","TOYOTA MOTOR CORPORATION","SC","1997","TOYOTA CITY","Toyota Motor Corporation - Motomachi Plant","JAPAN","AICHI","JZZ31L","300","JT8CD32Z1V0040396"
"JT8CD32ZXV0040414","","1st Row (Driver and Passenger)","2997","182.89","3.0","2","In-Line","6","225","227","Toyota","2JZ-GE","LEXUS","TOYOTA MOTOR CORPORATION","SC","1997","TOYOTA CITY","Toyota Motor Corporation - Motomachi Plant","JAPAN","AICHI","JZZ31L","300","JT8CD32ZXV0040414"
"JT8CD32Z8V0040430","","1st Row (Driver and Passenger)","2997","182.89","3.0","2","In-Line","6","225","227","Toyota","2JZ-GE","LEXUS","TOYOTA MOTOR CORPORATION","SC","1997","TOYOTA CITY","Toyota Motor Corporation - Motomachi Plant","JAPAN","AICHI","JZZ31L","300","JT8CD32Z8V0040430"
"JT8CD32Z4V0040439","","1st Row (Driver and Passenger)","2997","182.89","3.0","2","In-Line","6","225","227","Toyota","2JZ-GE","LEXUS","TOYOTA MOTOR CORPORATION","SC","1997","TOYOTA CITY","Toyota Motor Corporation - Motomachi Plant","JAPAN","AICHI","JZZ31L","300","JT8CD32Z4V0040439"
"JT8CD32Z4V0040456","","1st Row (Driver and Passenger)","2997","182.89","3.0","2","In-Line","6","225","227","Toyota","2JZ-GE","LEXUS","TOYOTA MOTOR CORPORATION","SC","1997","TOYOTA CITY","Toyota Motor Corporation - Motomachi Plant","JAPAN","AICHI","JZZ31L","300","JT8CD32Z4V0040456"
"JT8CD32Z8V0040475","","1st Row (Driver and Passenger)","2997","182.89","3.0","2","In-Line","6","225","227","Toyota","2JZ-GE","LEXUS","TOYOTA MOTOR CORPORATION","SC","1997","TOYOTA CITY","Toyota Motor Corporation - Motomachi Plant","JAPAN","AICHI","JZZ31L","300","JT8CD32Z8V0040475"
"JT8CD32Z9V0040484","","1st Row (Driver and Passenger)","2997","182.89","3.0","2","In-Line","6","225","227","Toyota","2JZ-GE","LEXUS","TOYOTA MOTOR CORPORATION","SC","1997","TOYOTA CITY","Toyota Motor Corporation - Motomachi Plant","JAPAN","AICHI","JZZ31L","300","JT8CD32Z9V0040484"
"JT8CD32Z4V0040490","","1st Row (Driver and Passenger)","2997","182.89","3.0","2","In-Line","6","225","227","Toyota","2JZ-GE","LEXUS","TOYOTA MOTOR CORPORATION","SC","1997","TOYOTA CITY","Toyota Motor Corporation - Motomachi Plant","JAPAN","AICHI","JZZ31L","300","JT8CD32Z4V0040490"
"JT8CD32Z3V0040500","","1st Row (Driver and Passenger)","2997","182.89","3.0","2","In-Line","6","225","227","Toyota","2JZ-GE","LEXUS","TOYOTA MOTOR CORPORATION","SC","1997","TOYOTA CITY","Toyota Motor Corporation - Motomachi Plant","JAPAN","AICHI","JZZ31L","300","JT8CD32Z3V0040500"
"JT8CD32Z8V0040508","","1st Row (Driver and Passenger)","2997","182.89","3.0","2","In-Line","6","225","227","Toyota","2JZ-GE","LEXUS","TOYOTA MOTOR CORPORATION","SC","1997","TOYOTA CITY","Toyota Motor Corporation - Motomachi Plant","JAPAN","AICHI","JZZ31L","300","JT8CD32Z8V0040508"
"JT8CD32Z9V0040520","","1st Row (Driver and Passenger)","2997","182.89","3.0","2","In-Line","6","225","227","Toyota","2JZ-GE","LEXUS","TOYOTA MOTOR CORPORATION","SC","1997","TOYOTA CITY","Toyota Motor Corporation - Motomachi Plant","JAPAN","AICHI","JZZ31L","300","JT8CD32Z9V0040520"
"JT8CD32ZXV0040526","","1st Row (Driver and Passenger)","2997","182.89","3.0","2","In-Line","6","225","227","Toyota","2JZ-GE","LEXUS","TOYOTA MOTOR CORPORATION","SC","1997","TOYOTA CITY","Toyota Motor Corporation - Motomachi Plant","JAPAN","AICHI","JZZ31L","300","JT8CD32ZXV0040526"
"JT8CD32Z9V0040534","","1st Row (Driver and Passenger)","2997","182.89","3.0","2","In-Line","6","225","227","Toyota","2JZ-GE","LEXUS","TOYOTA MOTOR CORPORATION","SC","1997","TOYOTA CITY","Toyota Motor Corporation - Motomachi Plant","JAPAN","AICHI","JZZ31L","300","JT8CD32Z9V0040534"
"JT8CD32Z5V0040546","","1st Row (Driver and Passenger)","2997","182.89","3.0","2","In-Line","6","225","227","Toyota","2JZ-GE","LEXUS","TOYOTA MOTOR CORPORATION","SC","1997","TOYOTA CITY","Toyota Motor Corporation - Motomachi Plant","JAPAN","AICHI","JZZ31L","300","JT8CD32Z5V0040546"
"JT8CD32Z7V0040550","","1st Row (Driver and Passenger)","2997","182.89","3.0","2","In-Line","6","225","227","Toyota","2JZ-GE","LEXUS","TOYOTA MOTOR CORPORATION","SC","1997","TOYOTA CITY","Toyota Motor Corporation - Motomachi Plant","JAPAN","AICHI","JZZ31L","300","JT8CD32Z7V0040550"
"JT8CD32Z1V0040561","","1st Row (Driver and Passenger)","2997","182.89","3.0","2","In-Line","6","225","227","Toyota","2JZ-GE","LEXUS","TOYOTA MOTOR CORPORATION","SC","1997","TOYOTA CITY","Toyota Motor Corporation - Motomachi Plant","JAPAN","AICHI","JZZ31L","300","JT8CD32Z1V0040561"
"JT8CD32Z0V0040566","","1st Row (Driver and Passenger)","2997","182.89","3.0","2","In-Line","6","225","227","Toyota","2JZ-GE","LEXUS","TOYOTA MOTOR CORPORATION","SC","1997","TOYOTA CITY","Toyota Motor Corporation - Motomachi Plant","JAPAN","AICHI","JZZ31L","300","JT8CD32Z0V0040566"
"JT8CD32Z1V0040575","","1st Row (Driver and Passenger)","2997","182.89","3.0","2","In-Line","6","225","227","Toyota","2JZ-GE","LEXUS","TOYOTA MOTOR CORPORATION","SC","1997","TOYOTA CITY","Toyota Motor Corporation - Motomachi Plant","JAPAN","AICHI","JZZ31L","300","JT8CD32Z1V0040575"
"JT8CD32Z7V0040581","","1st Row (Driver and Passenger)","2997","182.89","3.0","2","In-Line","6","225","227","Toyota","2JZ-GE","LEXUS","TOYOTA MOTOR CORPORATION","SC","1997","TOYOTA CITY","Toyota Motor Corporation - Motomachi Plant","JAPAN","AICHI","JZZ31L","300","JT8CD32Z7V0040581"
"JT8CD32ZXV0040591","","1st Row (Driver and Passenger)","2997","182.89","3.0","2","In-Line","6","225","227","Toyota","2JZ-GE","LEXUS","TOYOTA MOTOR CORPORATION","SC","1997","TOYOTA CITY","Toyota Motor Corporation - Motomachi Plant","JAPAN","AICHI","JZZ31L","300","JT8CD32ZXV0040591"
"JT8CD32Z2V0040598","","1st Row (Driver and Passenger)","2997","182.89","3.0","2","In-Line","6","225","227","Toyota","2JZ-GE","LEXUS","TOYOTA MOTOR CORPORATION","SC","1997","TOYOTA CITY","Toyota Motor Corporation - Motomachi Plant","JAPAN","AICHI","JZZ31L","300","JT8CD32Z2V0040598"
"JT8CD32Z1V0040608","","1st Row (Driver and Passenger)","2997","182.89","3.0","2","In-Line","6","225","227","Toyota","2JZ-GE","LEXUS","TOYOTA MOTOR CORPORATION","SC","1997","TOYOTA CITY","Toyota Motor Corporation - Motomachi Plant","JAPAN","AICHI","JZZ31L","300","JT8CD32Z1V0040608"
"JT8CD32Z6V0040622","","1st Row (Driver and Passenger)","2997","182.89","3.0","2","In-Line","6","225","227","Toyota","2JZ-GE","LEXUS","TOYOTA MOTOR CORPORATION","SC","1997","TOYOTA CITY","Toyota Motor Corporation - Motomachi Plant","JAPAN","AICHI","JZZ31L","300","JT8CD32Z6V0040622"
"JT8CD32Z9V0040629","","1st Row (Driver and Passenger)","2997","182.89","3.0","2","In-Line","6","225","227","Toyota","2JZ-GE","LEXUS","TOYOTA MOTOR CORPORATION","SC","1997","TOYOTA CITY","Toyota Motor Corporation - Motomachi Plant","JAPAN","AICHI","JZZ31L","300","JT8CD32Z9V0040629"
"JT8CD32Z8V0040637","","1st Row (Driver and Passenger)","2997","182.89","3.0","2","In-Line","6","225","227","Toyota","2JZ-GE","LEXUS","TOYOTA MOTOR CORPORATION","SC","1997","TOYOTA CITY","Toyota Motor Corporation - Motomachi Plant","JAPAN","AICHI","JZZ31L","300","JT8CD32Z8V0040637"
"JT8CD32Z3V0040643","","1st Row (Driver and Passenger)","2997","182.89","3.0","2","In-Line","6","225","227","Toyota","2JZ-GE","LEXUS","TOYOTA MOTOR CORPORATION","SC","1997","TOYOTA CITY","Toyota Motor Corporation - Motomachi Plant","JAPAN","AICHI","JZZ31L","300","JT8CD32Z3V0040643"
"JT8CD32Z0V0040650","","1st Row (Driver and Passenger)","2997","182.89","3.0","2","In-Line","6","225","227","Toyota","2JZ-GE","LEXUS","TOYOTA MOTOR CORPORATION","SC","1997","TOYOTA CITY","Toyota Motor Corporation - Motomachi Plant","JAPAN","AICHI","JZZ31L","300","JT8CD32Z0V0040650"
"JT8CD32Z5V0040661","","1st Row (Driver and Passenger)","2997","182.89","3.0","2","In-Line","6","225","227","Toyota","2JZ-GE","LEXUS","TOYOTA MOTOR CORPORATION","SC","1997","TOYOTA CITY","Toyota Motor Corporation - Motomachi Plant","JAPAN","AICHI","JZZ31L","300","JT8CD32Z5V0040661"
"JT8CD32Z0V0040681","","1st Row (Driver and Passenger)","2997","182.89","3.0","2","In-Line","6","225","227","Toyota","2JZ-GE","LEXUS","TOYOTA MOTOR CORPORATION","SC","1997","TOYOTA CITY","Toyota Motor Corporation - Motomachi Plant","JAPAN","AICHI","JZZ31L","300","JT8CD32Z0V0040681"
"JT8CD32Z4V0040697","","1st Row (Driver and Passenger)","2997","182.89","3.0","2","In-Line","6","225","227","Toyota","2JZ-GE","LEXUS","TOYOTA MOTOR CORPORATION","SC","1997","TOYOTA CITY","Toyota Motor Corporation - Motomachi Plant","JAPAN","AICHI","JZZ31L","300","JT8CD32Z4V0040697"
"JT8CD32Z3V0040710","","1st Row (Driver and Passenger)","2997","182.89","3.0","2","In-Line","6","225","227","Toyota","2JZ-GE","LEXUS","TOYOTA MOTOR CORPORATION","SC","1997","TOYOTA CITY","Toyota Motor Corporation - Motomachi Plant","JAPAN","AICHI","JZZ31L","300","JT8CD32Z3V0040710"
"JT8CD32Z5V0040725","","1st Row (Driver and Passenger)","2997","182.89","3.0","2","In-Line","6","225","227","Toyota","2JZ-GE","LEXUS","TOYOTA MOTOR CORPORATION","SC","1997","TOYOTA CITY","Toyota Motor Corporation - Motomachi Plant","JAPAN","AICHI","JZZ31L","300","JT8CD32Z5V0040725"
"JT8CD32Z3V0040738","","1st Row (Driver and Passenger)","2997","182.89","3.0","2","In-Line","6","225","227","Toyota","2JZ-GE","LEXUS","TOYOTA MOTOR CORPORATION","SC","1997","TOYOTA CITY","Toyota Motor Corporation - Motomachi Plant","JAPAN","AICHI","JZZ31L","300","JT8CD32Z3V0040738"
"JT8CD32Z8V0040749","","1st Row (Driver and Passenger)","2997","182.89","3.0","2","In-Line","6","225","227","Toyota","2JZ-GE","LEXUS","TOYOTA MOTOR CORPORATION","SC","1997","TOYOTA CITY","Toyota Motor Corporation - Motomachi Plant","JAPAN","AICHI","JZZ31L","300","JT8CD32Z8V0040749"
"JT8CD32Z2V0040763","","1st Row (Driver and Passenger)","2997","182.89","3.0","2","In-Line","6","225","227","Toyota","2JZ-GE","LEXUS","TOYOTA MOTOR CORPORATION","SC","1997","TOYOTA CITY","Toyota Motor Corporation - Motomachi Plant","JAPAN","AICHI","JZZ31L","300","JT8CD32Z2V0040763"
"JT8CD32Z0V0040776","","1st Row (Driver and Passenger)","2997","182.89","3.0","2","In-Line","6","225","227","Toyota","2JZ-GE","LEXUS","TOYOTA MOTOR CORPORATION","SC","1997","TOYOTA CITY","Toyota Motor Corporation - Motomachi Plant","JAPAN","AICHI","JZZ31L","300","JT8CD32Z0V0040776"
"JT8CD32Z1V0040785","","1st Row (Driver and Passenger)","2997","182.89","3.0","2","In-Line","6","225","227","Toyota","2JZ-GE","LEXUS","TOYOTA MOTOR CORPORATION","SC","1997","TOYOTA CITY","Toyota Motor Corporation - Motomachi Plant","JAPAN","AICHI","JZZ31L","300","JT8CD32Z1V0040785"
"JT8CD32Z8V0040797","","1st Row (Driver and Passenger)","2997","182.89","3.0","2","In-Line","6","225","227","Toyota","2JZ-GE","LEXUS","TOYOTA MOTOR CORPORATION","SC","1997","TOYOTA CITY","Toyota Motor Corporation - Motomachi Plant","JAPAN","AICHI","JZZ31L","300","JT8CD32Z8V0040797"
"JT8CD32Z1V0040804","","1st Row (Driver and Passenger)","2997","182.89","3.0","2","In-Line","6","225","227","Toyota","2JZ-GE","LEXUS","TOYOTA MOTOR CORPORATION","SC","1997","TOYOTA CITY","Toyota Motor Corporation - Motomachi Plant","JAPAN","AICHI","JZZ31L","300","JT8CD32Z1V0040804"
"JT8CD32Z4V0040814","","1st Row (Driver and Passenger)","2997","182.89","3.0","2","In-Line","6","225","227","Toyota","2JZ-GE","LEXUS","TOYOTA MOTOR CORPORATION","SC","1997","TOYOTA CITY","Toyota Motor Corporation - Motomachi Plant","JAPAN","AICHI","JZZ31L","300","JT8CD32Z4V0040814"
"JT8CD32Z5V0040823","","1st Row (Driver and Passenger)","2997","182.89","3.0","2","In-Line","6","225","227","Toyota","2JZ-GE","LEXUS","TOYOTA MOTOR CORPORATION","SC","1997","TOYOTA CITY","Toyota Motor Corporation - Motomachi Plant","JAPAN","AICHI","JZZ31L","300","JT8CD32Z5V0040823"
"JT8CD32Z4V0040831","","1st Row (Driver and Passenger)","2997","182.89","3.0","2","In-Line","6","225","227","Toyota","2JZ-GE","LEXUS","TOYOTA MOTOR CORPORATION","SC","1997","TOYOTA CITY","Toyota Motor Corporation - Motomachi Plant","JAPAN","AICHI","JZZ31L","300","JT8CD32Z4V0040831"
"JT8CD32Z6V0040863","","1st Row (Driver and Passenger)","2997","182.89","3.0","2","In-Line","6","225","227","Toyota","2JZ-GE","LEXUS","TOYOTA MOTOR CORPORATION","SC","1997","TOYOTA CITY","Toyota Motor Corporation - Motomachi Plant","JAPAN","AICHI","JZZ31L","300","JT8CD32Z6V0040863"
"JT8CD32Z3V0040898","","1st Row (Driver and Passenger)","2997","182.89","3.0","2","In-Line","6","225","227","Toyota","2JZ-GE","LEXUS","TOYOTA MOTOR CORPORATION","SC","1997","TOYOTA CITY","Toyota Motor Corporation - Motomachi Plant","JAPAN","AICHI","JZZ31L","300","JT8CD32Z3V0040898"
"JT8CD32Z6V0040927","","1st Row (Driver and Passenger)","2997","182.89","3.0","2","In-Line","6","225","227","Toyota","2JZ-GE","LEXUS","TOYOTA MOTOR CORPORATION","SC","1997","TOYOTA CITY","Toyota Motor Corporation - Motomachi Plant","JAPAN","AICHI","JZZ31L","300","JT8CD32Z6V0040927"
"JT8CD32Z6V0040958","","1st Row (Driver and Passenger)","2997","182.89","3.0","2","In-Line","6","225","227","Toyota","2JZ-GE","LEXUS","TOYOTA MOTOR CORPORATION","SC","1997","TOYOTA CITY","Toyota Motor Corporation - Motomachi Plant","JAPAN","AICHI","JZZ31L","300","JT8CD32Z6V0040958"
"JT8CD32Z2V1000001","","1st Row (Driver and Passenger)","2997","182.89","3.0","2","In-Line","6","225","227","Toyota","2JZ-GE","LEXUS","TOYOTA MOTOR CORPORATION","SC","1997","SUSONO","Higashi Fuji Plant, Kanto Auto Works, LTD.","JAPAN","SHIZUOKA","JZZ31L","300","JT8CD32Z2V1000001"
"JT8CD32Z7V1000026","","1st Row (Driver and Passenger)","2997","182.89","3.0","2","In-Line","6","225","227","Toyota","2JZ-GE","LEXUS","TOYOTA MOTOR CORPORATION","SC","1997","SUSONO","Higashi Fuji Plant, Kanto Auto Works, LTD.","JAPAN","SHIZUOKA","JZZ31L","300","JT8CD32Z7V1000026"
"JT8CD32Z0V1000031","","1st Row (Driver and Passenger)","2997","182.89","3.0","2","In-Line","6","225","227","Toyota","2JZ-GE","LEXUS","TOYOTA MOTOR CORPORATION","SC","1997","SUSONO","Higashi Fuji Plant, Kanto Auto Works, LTD.","JAPAN","SHIZUOKA","JZZ31L","300","JT8CD32Z0V1000031"
"JT8CD32Z8V1000035","","1st Row (Driver and Passenger)","2997","182.89","3.0","2","In-Line","6","225","227","Toyota","2JZ-GE","LEXUS","TOYOTA MOTOR CORPORATION","SC","1997","SUSONO","Higashi Fuji Plant, Kanto Auto Works, LTD.","JAPAN","SHIZUOKA","JZZ31L","300","JT8CD32Z8V1000035"
"JT8CD32Z9V1000044","","1st Row (Driver and Passenger)","2997","182.89","3.0","2","In-Line","6","225","227","Toyota","2JZ-GE","LEXUS","TOYOTA MOTOR CORPORATION","SC","1997","SUSONO","Higashi Fuji Plant, Kanto Auto Works, LTD.","JAPAN","SHIZUOKA","JZZ31L","300","JT8CD32Z9V1000044"
"JT8CD32Z4V1000047","","1st Row (Driver and Passenger)","2997","182.89","3.0","2","In-Line","6","225","227","Toyota","2JZ-GE","LEXUS","TOYOTA MOTOR CORPORATION","SC","1997","SUSONO","Higashi Fuji Plant, Kanto Auto Works, LTD.","JAPAN","SHIZUOKA","JZZ31L","300","JT8CD32Z4V1000047"
"JT8CD32Z7V1000057","","1st Row (Driver and Passenger)","2997","182.89","3.0","2","In-Line","6","225","227","Toyota","2JZ-GE","LEXUS","TOYOTA MOTOR CORPORATION","SC","1997","SUSONO","Higashi Fuji Plant, Kanto Auto Works, LTD.","JAPAN","SHIZUOKA","JZZ31L","300","JT8CD32Z7V1000057"
"JT8CD32Z4V1000064","","1st Row (Driver and Passenger)","2997","182.89","3.0","2","In-Line","6","225","227","Toyota","2JZ-GE","LEXUS","TOYOTA MOTOR CORPORATION","SC","1997","SUSONO","Higashi Fuji Plant, Kanto Auto Works, LTD.","JAPAN","SHIZUOKA","JZZ31L","300","JT8CD32Z4V1000064"
"JT8CD32Z3V1000069","","1st Row (Driver and Passenger)","2997","182.89","3.0","2","In-Line","6","225","227","Toyota","2JZ-GE","LEXUS","TOYOTA MOTOR CORPORATION","SC","1997","SUSONO","Higashi Fuji Plant, Kanto Auto Works, LTD.","JAPAN","SHIZUOKA","JZZ31L","300","JT8CD32Z3V1000069"
"JT8CD32Z1V1000071","","1st Row (Driver and Passenger)","2997","182.89","3.0","2","In-Line","6","225","227","Toyota","2JZ-GE","LEXUS","TOYOTA MOTOR CORPORATION","SC","1997","SUSONO","Higashi Fuji Plant, Kanto Auto Works, LTD.","JAPAN","SHIZUOKA","JZZ31L","300","JT8CD32Z1V1000071"
"JT8CD32Z8V1000083","","1st Row (Driver and Passenger)","2997","182.89","3.0","2","In-Line","6","225","227","Toyota","2JZ-GE","LEXUS","TOYOTA MOTOR CORPORATION","SC","1997","SUSONO","Higashi Fuji Plant, Kanto Auto Works, LTD.","JAPAN","SHIZUOKA","JZZ31L","300","JT8CD32Z8V1000083"
"JT8CD32Z5V1000087","","1st Row (Driver and Passenger)","2997","182.89","3.0","2","In-Line","6","225","227","Toyota","2JZ-GE","LEXUS","TOYOTA MOTOR CORPORATION","SC","1997","SUSONO","Higashi Fuji Plant, Kanto Auto Works, LTD.","JAPAN","SHIZUOKA","JZZ31L","300","JT8CD32Z5V1000087"
"JT8CD32Z7V1000088","","1st Row (Driver and Passenger)","2997","182.89","3.0","2","In-Line","6","225","227","Toyota","2JZ-GE","LEXUS","TOYOTA MOTOR CORPORATION","SC","1997","SUSONO","Higashi Fuji Plant, Kanto Auto Works, LTD.","JAPAN","SHIZUOKA","JZZ31L","300","JT8CD32Z7V1000088"
"JT8CD32Z0V1000093","","1st Row (Driver and Passenger)","2997","182.89","3.0","2","In-Line","6","225","227","Toyota","2JZ-GE","LEXUS","TOYOTA MOTOR CORPORATION","SC","1997","SUSONO","Higashi Fuji Plant, Kanto Auto Works, LTD.","JAPAN","SHIZUOKA","JZZ31L","300","JT8CD32Z0V1000093"
"JT8CD32Z4V1000100","","1st Row (Driver and Passenger)","2997","182.89","3.0","2","In-Line","6","225","227","Toyota","2JZ-GE","LEXUS","TOYOTA MOTOR CORPORATION","SC","1997","SUSONO","Higashi Fuji Plant, Kanto Auto Works, LTD.","JAPAN","SHIZUOKA","JZZ31L","300","JT8CD32Z4V1000100"
"JT8CD32Z0V1000109","","1st Row (Driver and Passenger)","2997","182.89","3.0","2","In-Line","6","225","227","Toyota","2JZ-GE","LEXUS","TOYOTA MOTOR CORPORATION","SC","1997","SUSONO","Higashi Fuji Plant, Kanto Auto Works, LTD.","JAPAN","SHIZUOKA","JZZ31L","300","JT8CD32Z0V1000109"
"JT8CD32Z0V1000112","","1st Row (Driver and Passenger)","2997","182.89","3.0","2","In-Line","6","225","227","Toyota","2JZ-GE","LEXUS","TOYOTA MOTOR CORPORATION","SC","1997","SUSONO","Higashi Fuji Plant, Kanto Auto Works, LTD.","JAPAN","SHIZUOKA","JZZ31L","300","JT8CD32Z0V1000112"
"JT8CD32Z3V1000122","","1st Row (Driver and Passenger)","2997","182.89","3.0","2","In-Line","6","225","227","Toyota","2JZ-GE","LEXUS","TOYOTA MOTOR CORPORATION","SC","1997","SUSONO","Higashi Fuji Plant, Kanto Auto Works, LTD.","JAPAN","SHIZUOKA","JZZ31L","300","JT8CD32Z3V1000122"
"JT8CD32Z9V1000125","","1st Row (Driver and Passenger)","2997","182.89","3.0","2","In-Line","6","225","227","Toyota","2JZ-GE","LEXUS","TOYOTA MOTOR CORPORATION","SC","1997","SUSONO","Higashi Fuji Plant, Kanto Auto Works, LTD.","JAPAN","SHIZUOKA","JZZ31L","300","JT8CD32Z9V1000125"
"JT8CD32Z9V1000142","","1st Row (Driver and Passenger)","2997","182.89","3.0","2","In-Line","6","225","227","Toyota","2JZ-GE","LEXUS","TOYOTA MOTOR CORPORATION","SC","1997","SUSONO","Higashi Fuji Plant, Kanto Auto Works, LTD.","JAPAN","SHIZUOKA","JZZ31L","300","JT8CD32Z9V1000142"
"JT8CD32Z8V1000150","","1st Row (Driver and Passenger)","2997","182.89","3.0","2","In-Line","6","225","227","Toyota","2JZ-GE","LEXUS","TOYOTA MOTOR CORPORATION","SC","1997","SUSONO","Higashi Fuji Plant, Kanto Auto Works, LTD.","JAPAN","SHIZUOKA","JZZ31L","300","JT8CD32Z8V1000150"
"JT8CD32Z3V1000153","","1st Row (Driver and Passenger)","2997","182.89","3.0","2","In-Line","6","225","227","Toyota","2JZ-GE","LEXUS","TOYOTA MOTOR CORPORATION","SC","1997","SUSONO","Higashi Fuji Plant, Kanto Auto Works, LTD.","JAPAN","SHIZUOKA","JZZ31L","300","JT8CD32Z3V1000153"
"JT8CD32Z1V1000166","","1st Row (Driver and Passenger)","2997","182.89","3.0","2","In-Line","6","225","227","Toyota","2JZ-GE","LEXUS","TOYOTA MOTOR CORPORATION","SC","1997","SUSONO","Higashi Fuji Plant, Kanto Auto Works, LTD.","JAPAN","SHIZUOKA","JZZ31L","300","JT8CD32Z1V1000166"
"JT8CD32Z5V1000168","","1st Row (Driver and Passenger)","2997","182.89","3.0","2","In-Line","6","225","227","Toyota","2JZ-GE","LEXUS","TOYOTA MOTOR CORPORATION","SC","1997","SUSONO","Higashi Fuji Plant, Kanto Auto Works, LTD.","JAPAN","SHIZUOKA","JZZ31L","300","JT8CD32Z5V1000168"
"JT8CD32Z0V1000188","","1st Row (Driver and Passenger)","2997","182.89","3.0","2","In-Line","6","225","227","Toyota","2JZ-GE","LEXUS","TOYOTA MOTOR CORPORATION","SC","1997","SUSONO","Higashi Fuji Plant, Kanto Auto Works, LTD.","JAPAN","SHIZUOKA","JZZ31L","300","JT8CD32Z0V1000188"
"JT8CD32Z0V1000191","","1st Row (Driver and Passenger)","2997","182.89","3.0","2","In-Line","6","225","227","Toyota","2JZ-GE","LEXUS","TOYOTA MOTOR CORPORATION","SC","1997","SUSONO","Higashi Fuji Plant, Kanto Auto Works, LTD.","JAPAN","SHIZUOKA","JZZ31L","300","JT8CD32Z0V1000191"
"JT8CD32Z9V1000206","","1st Row (Driver and Passenger)","2997","182.89","3.0","2","In-Line","6","225","227","Toyota","2JZ-GE","LEXUS","TOYOTA MOTOR CORPORATION","SC","1997","SUSONO","Higashi Fuji Plant, Kanto Auto Works, LTD.","JAPAN","SHIZUOKA","JZZ31L","300","JT8CD32Z9V1000206"
"JT8CD32Z8V1000214","","1st Row (Driver and Passenger)","2997","182.89","3.0","2","In-Line","6","225","227","Toyota","2JZ-GE","LEXUS","TOYOTA MOTOR CORPORATION","SC","1997","SUSONO","Higashi Fuji Plant, Kanto Auto Works, LTD.","JAPAN","SHIZUOKA","JZZ31L","300","JT8CD32Z8V1000214"
"JT8CD32Z0V1000224","","1st Row (Driver and Passenger)","2997","182.89","3.0","2","In-Line","6","225","227","Toyota","2JZ-GE","LEXUS","TOYOTA MOTOR CORPORATION","SC","1997","SUSONO","Higashi Fuji Plant, Kanto Auto Works, LTD.","JAPAN","SHIZUOKA","JZZ31L","300","JT8CD32Z0V1000224"
"JT8CD32Z4V1000226","","1st Row (Driver and Passenger)","2997","182.89","3.0","2","In-Line","6","225","227","Toyota","2JZ-GE","LEXUS","TOYOTA MOTOR CORPORATION","SC","1997","SUSONO","Higashi Fuji Plant, Kanto Auto Works, LTD.","JAPAN","SHIZUOKA","JZZ31L","300","JT8CD32Z4V1000226"
"JT8CD32Z5V1000252","","1st Row (Driver and Passenger)","2997","182.89","3.0","2","In-Line","6","225","227","Toyota","2JZ-GE","LEXUS","TOYOTA MOTOR CORPORATION","SC","1997","SUSONO","Higashi Fuji Plant, Kanto Auto Works, LTD.","JAPAN","SHIZUOKA","JZZ31L","300","JT8CD32Z5V1000252"
"JT8CD32Z4V1000260","","1st Row (Driver and Passenger)","2997","182.89","3.0","2","In-Line","6","225","227","Toyota","2JZ-GE","LEXUS","TOYOTA MOTOR CORPORATION","SC","1997","SUSONO","Higashi Fuji Plant, Kanto Auto Works, LTD.","JAPAN","SHIZUOKA","JZZ31L","300","JT8CD32Z4V1000260"
"JT8CD32Z0V1000269","","1st Row (Driver and Passenger)","2997","182.89","3.0","2","In-Line","6","225","227","Toyota","2JZ-GE","LEXUS","TOYOTA MOTOR CORPORATION","SC","1997","SUSONO","Higashi Fuji Plant, Kanto Auto Works, LTD.","JAPAN","SHIZUOKA","JZZ31L","300","JT8CD32Z0V1000269"
"JT8CD32ZXV1000280","","1st Row (Driver and Passenger)","2997","182.89","3.0","2","In-Line","6","225","227","Toyota","2JZ-GE","LEXUS","TOYOTA MOTOR CORPORATION","SC","1997","SUSONO","Higashi Fuji Plant, Kanto Auto Works, LTD.","JAPAN","SHIZUOKA","JZZ31L","300","JT8CD32ZXV1000280"
"JT8CD32Z2V1000290","","1st Row (Driver and Passenger)","2997","182.89","3.0","2","In-Line","6","225","227","Toyota","2JZ-GE","LEXUS","TOYOTA MOTOR CORPORATION","SC","1997","SUSONO","Higashi Fuji Plant, Kanto Auto Works, LTD.","JAPAN","SHIZUOKA","JZZ31L","300","JT8CD32Z2V1000290"
"JT8CD32Z0V1000305","","1st Row (Driver and Passenger)","2997","182.89","3.0","2","In-Line","6","225","227","Toyota","2JZ-GE","LEXUS","TOYOTA MOTOR CORPORATION","SC","1997","SUSONO","Higashi Fuji Plant, Kanto Auto Works, LTD.","JAPAN","SHIZUOKA","JZZ31L","300","JT8CD32Z0V1000305"
"JT8CD32Z4V1000310","","1st Row (Driver and Passenger)","2997","182.89","3.0","2","In-Line","6","225","227","Toyota","2JZ-GE","LEXUS","TOYOTA MOTOR CORPORATION","SC","1997","SUSONO","Higashi Fuji Plant, Kanto Auto Works, LTD.","JAPAN","SHIZUOKA","JZZ31L","300","JT8CD32Z4V1000310"
"JT8CD32Z8V1000312","","1st Row (Driver and Passenger)","2997","182.89","3.0","2","In-Line","6","225","227","Toyota","2JZ-GE","LEXUS","TOYOTA MOTOR CORPORATION","SC","1997","SUSONO","Higashi Fuji Plant, Kanto Auto Works, LTD.","JAPAN","SHIZUOKA","JZZ31L","300","JT8CD32Z8V1000312"
"JT8CD32ZXV1000330","","1st Row (Driver and Passenger)","2997","182.89","3.0","2","In-Line","6","225","227","Toyota","2JZ-GE","LEXUS","TOYOTA MOTOR CORPORATION","SC","1997","SUSONO","Higashi Fuji Plant, Kanto Auto Works, LTD.","JAPAN","SHIZUOKA","JZZ31L","300","JT8CD32ZXV1000330"
"JT8CD32Z6V1000339","","1st Row (Driver and Passenger)","2997","182.89","3.0","2","In-Line","6","225","227","Toyota","2JZ-GE","LEXUS","TOYOTA MOTOR CORPORATION","SC","1997","SUSONO","Higashi Fuji Plant, Kanto Auto Works, LTD.","JAPAN","SHIZUOKA","JZZ31L","300","JT8CD32Z6V1000339"
"JT8CD32Z9V1000349","","1st Row (Driver and Passenger)","2997","182.89","3.0","2","In-Line","6","225","227","Toyota","2JZ-GE","LEXUS","TOYOTA MOTOR CORPORATION","SC","1997","SUSONO","Higashi Fuji Plant, Kanto Auto Works, LTD.","JAPAN","SHIZUOKA","JZZ31L","300","JT8CD32Z9V1000349"
"JT8CD32Z8V1000374","","1st Row (Driver and Passenger)","2997","182.89","3.0","2","In-Line","6","225","227","Toyota","2JZ-GE","LEXUS","TOYOTA MOTOR CORPORATION","SC","1997","SUSONO","Higashi Fuji Plant, Kanto Auto Works, LTD.","JAPAN","SHIZUOKA","JZZ31L","300","JT8CD32Z8V1000374"
"JT8CD32Z3V1000394","","1st Row (Driver and Passenger)","2997","182.89","3.0","2","In-Line","6","225","227","Toyota","2JZ-GE","LEXUS","TOYOTA MOTOR CORPORATION","SC","1997","SUSONO","Higashi Fuji Plant, Kanto Auto Works, LTD.","JAPAN","SHIZUOKA","JZZ31L","300","JT8CD32Z3V1000394"
"JT8CD32Z5V1000400","","1st Row (Driver and Passenger)","2997","182.89","3.0","2","In-Line","6","225","227","Toyota","2JZ-GE","LEXUS","TOYOTA MOTOR CORPORATION","SC","1997","SUSONO","Higashi Fuji Plant, Kanto Auto Works, LTD.","JAPAN","SHIZUOKA","JZZ31L","300","JT8CD32Z5V1000400"
"JT8CD32Z1V1000412","","1st Row (Driver and Passenger)","2997","182.89","3.0","2","In-Line","6","225","227","Toyota","2JZ-GE","LEXUS","TOYOTA MOTOR CORPORATION","SC","1997","SUSONO","Higashi Fuji Plant, Kanto Auto Works, LTD.","JAPAN","SHIZUOKA","JZZ31L","300","JT8CD32Z1V1000412"
"JT8CD32Z1V1000426","","1st Row (Driver and Passenger)","2997","182.89","3.0","2","In-Line","6","225","227","Toyota","2JZ-GE","LEXUS","TOYOTA MOTOR CORPORATION","SC","1997","SUSONO","Higashi Fuji Plant, Kanto Auto Works, LTD.","JAPAN","SHIZUOKA","JZZ31L","300","JT8CD32Z1V1000426"
"JT8CD32Z8V1000438","","1st Row (Driver and Passenger)","2997","182.89","3.0","2","In-Line","6","225","227","Toyota","2JZ-GE","LEXUS","TOYOTA MOTOR CORPORATION","SC","1997","SUSONO","Higashi Fuji Plant, Kanto Auto Works, LTD.","JAPAN","SHIZUOKA","JZZ31L","300","JT8CD32Z8V1000438"
"JT8CD32Z5V1000445","","1st Row (Driver and Passenger)","2997","182.89","3.0","2","In-Line","6","225","227","Toyota","2JZ-GE","LEXUS","TOYOTA MOTOR CORPORATION","SC","1997","SUSONO","Higashi Fuji Plant, Kanto Auto Works, LTD.","JAPAN","SHIZUOKA","JZZ31L","300","JT8CD32Z5V1000445"
"JT8CD32Z0V1000448","","1st Row (Driver and Passenger)","2997","182.89","3.0","2","In-Line","6","225","227","Toyota","2JZ-GE","LEXUS","TOYOTA MOTOR CORPORATION","SC","1997","SUSONO","Higashi Fuji Plant, Kanto Auto Works, LTD.","JAPAN","SHIZUOKA","JZZ31L","300","JT8CD32Z0V1000448"
"JT8CD32Z8V1000469","","1st Row (Driver and Passenger)","2997","182.89","3.0","2","In-Line","6","225","227","Toyota","2JZ-GE","LEXUS","TOYOTA MOTOR CORPORATION","SC","1997","SUSONO","Higashi Fuji Plant, Kanto Auto Works, LTD.","JAPAN","SHIZUOKA","JZZ31L","300","JT8CD32Z8V1000469"
"JT8CD32ZXV1000490","","1st Row (Driver and Passenger)","2997","182.89","3.0","2","In-Line","6","225","227","Toyota","2JZ-GE","LEXUS","TOYOTA MOTOR CORPORATION","SC","1997","SUSONO","Higashi Fuji Plant, Kanto Auto Works, LTD.","JAPAN","SHIZUOKA","JZZ31L","300","JT8CD32ZXV1000490"
"JT8CD32Z3V1000511","","1st Row (Driver and Passenger)","2997","182.89","3.0","2","In-Line","6","225","227","Toyota","2JZ-GE","LEXUS","TOYOTA MOTOR CORPORATION","SC","1997","SUSONO","Higashi Fuji Plant, Kanto Auto Works, LTD.","JAPAN","SHIZUOKA","JZZ31L","300","JT8CD32Z3V1000511"
"JT8CD32Z6V1000535","","1st Row (Driver and Passenger)","2997","182.89","3.0","2","In-Line","6","225","227","Toyota","2JZ-GE","LEXUS","TOYOTA MOTOR CORPORATION","SC","1997","SUSONO","Higashi Fuji Plant, Kanto Auto Works, LTD.","JAPAN","SHIZUOKA","JZZ31L","300","JT8CD32Z6V1000535"
"JT8CD32Z1V1000555","","1st Row (Driver and Passenger)","2997","182.89","3.0","2","In-Line","6","225","227","Toyota","2JZ-GE","LEXUS","TOYOTA MOTOR CORPORATION","SC","1997","SUSONO","Higashi Fuji Plant, Kanto Auto Works, LTD.","JAPAN","SHIZUOKA","JZZ31L","300","JT8CD32Z1V1000555"
"JT8CD32Z4V1000579","","1st Row (Driver and Passenger)","2997","182.89","3.0","2","In-Line","6","225","227","Toyota","2JZ-GE","LEXUS","TOYOTA MOTOR CORPORATION","SC","1997","SUSONO","Higashi Fuji Plant, Kanto Auto Works, LTD.","JAPAN","SHIZUOKA","JZZ31L","300","JT8CD32Z4V1000579"
"JT8CD32Z3V1000606","","1st Row (Driver and Passenger)","2997","182.89","3.0","2","In-Line","6","225","227","Toyota","2JZ-GE","LEXUS","TOYOTA MOTOR CORPORATION","SC","1997","SUSONO","Higashi Fuji Plant, Kanto Auto Works, LTD.","JAPAN","SHIZUOKA","JZZ31L","300","JT8CD32Z3V1000606"
"JT8CD32Z7V1000625","","1st Row (Driver and Passenger)","2997","182.89","3.0","2","In-Line","6","225","227","Toyota","2JZ-GE","LEXUS","TOYOTA MOTOR CORPORATION","SC","1997","SUSONO","Higashi Fuji Plant, Kanto Auto Works, LTD.","JAPAN","SHIZUOKA","JZZ31L","300","JT8CD32Z7V1000625"
"JT8CD32Z7V1000656","","1st Row (Driver and Passenger)","2997","182.89","3.0","2","In-Line","6","225","227","Toyota","2JZ-GE","LEXUS","TOYOTA MOTOR CORPORATION","SC","1997","SUSONO","Higashi Fuji Plant, Kanto Auto Works, LTD.","JAPAN","SHIZUOKA","JZZ31L","300","JT8CD32Z7V1000656"
"JT8CD32Z4V1000677","","1st Row (Driver and Passenger)","2997","182.89","3.0","2","In-Line","6","225","227","Toyota","2JZ-GE","LEXUS","TOYOTA MOTOR CORPORATION","SC","1997","SUSONO","Higashi Fuji Plant, Kanto Auto Works, LTD.","JAPAN","SHIZUOKA","JZZ31L","300","JT8CD32Z4V1000677"
"JT8CD32Z2V1000693","","1st Row (Driver and Passenger)","2997","182.89","3.0","2","In-Line","6","225","227","Toyota","2JZ-GE","LEXUS","TOYOTA MOTOR CORPORATION","SC","1997","SUSONO","Higashi Fuji Plant, Kanto Auto Works, LTD.","JAPAN","SHIZUOKA","JZZ31L","300","JT8CD32Z2V1000693"
"JT8CD32Z8V1000732","","1st Row (Driver and Passenger)","2997","182.89","3.0","2","In-Line","6","225","227","Toyota","2JZ-GE","LEXUS","TOYOTA MOTOR CORPORATION","SC","1997","SUSONO","Higashi Fuji Plant, Kanto Auto Works, LTD.","JAPAN","SHIZUOKA","JZZ31L","300","JT8CD32Z8V1000732"
"JT8CD32Z7V1000740","","1st Row (Driver and Passenger)","2997","182.89","3.0","2","In-Line","6","225","227","Toyota","2JZ-GE","LEXUS","TOYOTA MOTOR CORPORATION","SC","1997","SUSONO","Higashi Fuji Plant, Kanto Auto Works, LTD.","JAPAN","SHIZUOKA","JZZ31L","300","JT8CD32Z7V1000740"
"JT8CD32Z6V1000759","","1st Row (Driver and Passenger)","2997","182.89","3.0","2","In-Line","6","225","227","Toyota","2JZ-GE","LEXUS","TOYOTA MOTOR CORPORATION","SC","1997","SUSONO","Higashi Fuji Plant, Kanto Auto Works, LTD.","JAPAN","SHIZUOKA","JZZ31L","300","JT8CD32Z6V1000759"
"JT8CD32Z3V1000783","","1st Row (Driver and Passenger)","2997","182.89","3.0","2","In-Line","6","225","227","Toyota","2JZ-GE","LEXUS","TOYOTA MOTOR CORPORATION","SC","1997","SUSONO","Higashi Fuji Plant, Kanto Auto Works, LTD.","JAPAN","SHIZUOKA","JZZ31L","300","JT8CD32Z3V1000783"
"JT8CD32ZXV1000814","","1st Row (Driver and Passenger)","2997","182.89","3.0","2","In-Line","6","225","227","Toyota","2JZ-GE","LEXUS","TOYOTA MOTOR CORPORATION","SC","1997","SUSONO","Higashi Fuji Plant, Kanto Auto Works, LTD.","JAPAN","SHIZUOKA","JZZ31L","300","JT8CD32ZXV1000814"
"JT8CD32Z7V1000818","","1st Row (Driver and Passenger)","2997","182.89","3.0","2","In-Line","6","225","227","Toyota","2JZ-GE","LEXUS","TOYOTA MOTOR CORPORATION","SC","1997","SUSONO","Higashi Fuji Plant, Kanto Auto Works, LTD.","JAPAN","SHIZUOKA","JZZ31L","300","JT8CD32Z7V1000818"
"JT8CD32Z5V1000834","","1st Row (Driver and Passenger)","2997","182.89","3.0","2","In-Line","6","225","227","Toyota","2JZ-GE","LEXUS","TOYOTA MOTOR CORPORATION","SC","1997","SUSONO","Higashi Fuji Plant, Kanto Auto Works, LTD.","JAPAN","SHIZUOKA","JZZ31L","300","JT8CD32Z5V1000834"
"JT8CD32Z6V1000843","","1st Row (Driver and Passenger)","2997","182.89","3.0","2","In-Line","6","225","227","Toyota","2JZ-GE","LEXUS","TOYOTA MOTOR CORPORATION","SC","1997","SUSONO","Higashi Fuji Plant, Kanto Auto Works, LTD.","JAPAN","SHIZUOKA","JZZ31L","300","JT8CD32Z6V1000843"
"JT8CD32Z5V1000848","","1st Row (Driver and Passenger)","2997","182.89","3.0","2","In-Line","6","225","227","Toyota","2JZ-GE","LEXUS","TOYOTA MOTOR CORPORATION","SC","1997","SUSONO","Higashi Fuji Plant, Kanto Auto Works, LTD.","JAPAN","SHIZUOKA","JZZ31L","300","JT8CD32Z5V1000848"
"JT8CD32Z0V1000854","","1st Row (Driver and Passenger)","2997","182.89","3.0","2","In-Line","6","225","227","Toyota","2JZ-GE","LEXUS","TOYOTA MOTOR CORPORATION","SC","1997","SUSONO","Higashi Fuji Plant, Kanto Auto Works, LTD.","JAPAN","SHIZUOKA","JZZ31L","300","JT8CD32Z0V1000854"
"JT8CD32Z6V1000860","","1st Row (Driver and Passenger)","2997","182.89","3.0","2","In-Line","6","225","227","Toyota","2JZ-GE","LEXUS","TOYOTA MOTOR CORPORATION","SC","1997","SUSONO","Higashi Fuji Plant, Kanto Auto Works, LTD.","JAPAN","SHIZUOKA","JZZ31L","300","JT8CD32Z6V1000860"
"JT8CD32Z3V1000864","","1st Row (Driver and Passenger)","2997","182.89","3.0","2","In-Line","6","225","227","Toyota","2JZ-GE","LEXUS","TOYOTA MOTOR CORPORATION","SC","1997","SUSONO","Higashi Fuji Plant, Kanto Auto Works, LTD.","JAPAN","SHIZUOKA","JZZ31L","300","JT8CD32Z3V1000864"
"JT8CD32Z1V1000877","","1st Row (Driver and Passenger)","2997","182.89","3.0","2","In-Line","6","225","227","Toyota","2JZ-GE","LEXUS","TOYOTA MOTOR CORPORATION","SC","1997","SUSONO","Higashi Fuji Plant, Kanto Auto Works, LTD.","JAPAN","SHIZUOKA","JZZ31L","300","JT8CD32Z1V1000877"
"JT8CD32Z7V1000883","","1st Row (Driver and Passenger)","2997","182.89","3.0","2","In-Line","6","225","227","Toyota","2JZ-GE","LEXUS","TOYOTA MOTOR CORPORATION","SC","1997","SUSONO","Higashi Fuji Plant, Kanto Auto Works, LTD.","JAPAN","SHIZUOKA","JZZ31L","300","JT8CD32Z7V1000883"
"JT8CD32Z6V1000891","","1st Row (Driver and Passenger)","2997","182.89","3.0","2","In-Line","6","225","227","Toyota","2JZ-GE","LEXUS","TOYOTA MOTOR CORPORATION","SC","1997","SUSONO","Higashi Fuji Plant, Kanto Auto Works, LTD.","JAPAN","SHIZUOKA","JZZ31L","300","JT8CD32Z6V1000891"
"JT8CD32Z4V1000906","","1st Row (Driver and Passenger)","2997","182.89","3.0","2","In-Line","6","225","227","Toyota","2JZ-GE","LEXUS","TOYOTA MOTOR CORPORATION","SC","1997","SUSONO","Higashi Fuji Plant, Kanto Auto Works, LTD.","JAPAN","SHIZUOKA","JZZ31L","300","JT8CD32Z4V1000906"
"JT8CD32Z3V1000931","","1st Row (Driver and Passenger)","2997","182.89","3.0","2","In-Line","6","225","227","Toyota","2JZ-GE","LEXUS","TOYOTA MOTOR CORPORATION","SC","1997","SUSONO","Higashi Fuji Plant, Kanto Auto Works, LTD.","JAPAN","SHIZUOKA","JZZ31L","300","JT8CD32Z3V1000931"
"JT8CD32Z0V1000935","","1st Row (Driver and Passenger)","2997","182.89","3.0","2","In-Line","6","225","227","Toyota","2JZ-GE","LEXUS","TOYOTA MOTOR CORPORATION","SC","1997","SUSONO","Higashi Fuji Plant, Kanto Auto Works, LTD.","JAPAN","SHIZUOKA","JZZ31L","300","JT8CD32Z0V1000935"
"JT8CD32Z7V1000950","","1st Row (Driver and Passenger)","2997","182.89","3.0","2","In-Line","6","225","227","Toyota","2JZ-GE","LEXUS","TOYOTA MOTOR CORPORATION","SC","1997","SUSONO","Higashi Fuji Plant, Kanto Auto Works, LTD.","JAPAN","SHIZUOKA","JZZ31L","300","JT8CD32Z7V1000950"
"JT8CD32Z6V1000969","","1st Row (Driver and Passenger)","2997","182.89","3.0","2","In-Line","6","225","227","Toyota","2JZ-GE","LEXUS","TOYOTA MOTOR CORPORATION","SC","1997","SUSONO","Higashi Fuji Plant, Kanto Auto Works, LTD.","JAPAN","SHIZUOKA","JZZ31L","300","JT8CD32Z6V1000969"
"JT8CD32Z7V1001158","","1st Row (Driver and Passenger)","2997","182.89","3.0","2","In-Line","6","225","227","Toyota","2JZ-GE","LEXUS","TOYOTA MOTOR CORPORATION","SC","1997","SUSONO","Higashi Fuji Plant, Kanto Auto Works, LTD.","JAPAN","SHIZUOKA","JZZ31L","300","JT8CD32Z7V1001158"
"JT8CD32Z6V1001183","","1st Row (Driver and Passenger)","2997","182.89","3.0","2","In-Line","6","225","227","Toyota","2JZ-GE","LEXUS","TOYOTA MOTOR CORPORATION","SC","1997","SUSONO","Higashi Fuji Plant, Kanto Auto Works, LTD.","JAPAN","SHIZUOKA","JZZ31L","300","JT8CD32Z6V1001183"
"JT8CD32Z9V1001212","","1st Row (Driver and Passenger)","2997","182.89","3.0","2","In-Line","6","225","227","Toyota","2JZ-GE","LEXUS","TOYOTA MOTOR CORPORATION","SC","1997","SUSONO","Higashi Fuji Plant, Kanto Auto Works, LTD.","JAPAN","SHIZUOKA","JZZ31L","300","JT8CD32Z9V1001212"
"JT8CD32Z8V1001220","","1st Row (Driver and Passenger)","2997","182.89","3.0","2","In-Line","6","225","227","Toyota","2JZ-GE","LEXUS","TOYOTA MOTOR CORPORATION","SC","1997","SUSONO","Higashi Fuji Plant, Kanto Auto Works, LTD.","JAPAN","SHIZUOKA","JZZ31L","300","JT8CD32Z8V1001220"
"JT8CD32Z4V1001246","","1st Row (Driver and Passenger)","2997","182.89","3.0","2","In-Line","6","225","227","Toyota","2JZ-GE","LEXUS","TOYOTA MOTOR CORPORATION","SC","1997","SUSONO","Higashi Fuji Plant, Kanto Auto Works, LTD.","JAPAN","SHIZUOKA","JZZ31L","300","JT8CD32Z4V1001246"
"JT8CD32Z9V1001274","","1st Row (Driver and Passenger)","2997","182.89","3.0","2","In-Line","6","225","227","Toyota","2JZ-GE","LEXUS","TOYOTA MOTOR CORPORATION","SC","1997","SUSONO","Higashi Fuji Plant, Kanto Auto Works, LTD.","JAPAN","SHIZUOKA","JZZ31L","300","JT8CD32Z9V1001274"
"JT8CD32Z7V1001287","","1st Row (Driver and Passenger)","2997","182.89","3.0","2","In-Line","6","225","227","Toyota","2JZ-GE","LEXUS","TOYOTA MOTOR CORPORATION","SC","1997","SUSONO","Higashi Fuji Plant, Kanto Auto Works, LTD.","JAPAN","SHIZUOKA","JZZ31L","300","JT8CD32Z7V1001287"
"JT8CD32Z6V1001314","","1st Row (Driver and Passenger)","2997","182.89","3.0","2","In-Line","6","225","227","Toyota","2JZ-GE","LEXUS","TOYOTA MOTOR CORPORATION","SC","1997","SUSONO","Higashi Fuji Plant, Kanto Auto Works, LTD.","JAPAN","SHIZUOKA","JZZ31L","300","JT8CD32Z6V1001314"
"JT8CD32Z9V1001324","","1st Row (Driver and Passenger)","2997","182.89","3.0","2","In-Line","6","225","227","Toyota","2JZ-GE","LEXUS","TOYOTA MOTOR CORPORATION","SC","1997","SUSONO","Higashi Fuji Plant, Kanto Auto Works, LTD.","JAPAN","SHIZUOKA","JZZ31L","300","JT8CD32Z9V1001324"
"JT8CD32Z6V1001345","","1st Row (Driver and Passenger)","2997","182.89","3.0","2","In-Line","6","225","227","Toyota","2JZ-GE","LEXUS","TOYOTA MOTOR CORPORATION","SC","1997","SUSONO","Higashi Fuji Plant, Kanto Auto Works, LTD.","JAPAN","SHIZUOKA","JZZ31L","300","JT8CD32Z6V1001345"
"JT8CD32Z1V1001365","","1st Row (Driver and Passenger)","2997","182.89","3.0","2","In-Line","6","225","227","Toyota","2JZ-GE","LEXUS","TOYOTA MOTOR CORPORATION","SC","1997","SUSONO","Higashi Fuji Plant, Kanto Auto Works, LTD.","JAPAN","SHIZUOKA","JZZ31L","300","JT8CD32Z1V1001365"